Year,Units,Category,Value
2020,%,Proportion of mothers with newborns receiving maternity cash benefit,100.0
2016,%,Proportion of population above statutory pensionable age receiving a pension,52.3
2020,%,Proportion of population above statutory pensionable age receiving a pension,90.6
2014,%,Proportion of unemployed persons receiving unemployment cash benefit,35.6
2020,%,Proportion of unemployed persons receiving unemployment cash benefit,29.3
2020,%,Proportion of population with severe disabilities receiving disability cash benefit,100.0
2020,%,Proportion of population covered by at least one social protection benefit,41.0
