Year,Units,Category,Value
2018,%,"International Health Regulations (IHR) capacity, State Party Self-Assessment Annual Report (SPAR), Legislation and financing",47
2019,%,"International Health Regulations (IHR) capacity, State Party Self-Assessment Annual Report (SPAR), Legislation and financing",47
2020,%,"International Health Regulations (IHR) capacity, State Party Self-Assessment Annual Report (SPAR), Legislation and financing",53
2018,%,"International Health Regulations (IHR) capacity, State Party Self-Assessment Annual Report (SPAR), IHR Coordination and National IHR Focal Point Functions",50
2019,%,"International Health Regulations (IHR) capacity, State Party Self-Assessment Annual Report (SPAR), IHR Coordination and National IHR Focal Point Functions",50
2020,%,"International Health Regulations (IHR) capacity, State Party Self-Assessment Annual Report (SPAR), IHR Coordination and National IHR Focal Point Functions",50
