Year,Units,Kategorija,Value
2014,da/ne,Implementiranje strategije za uvođenje nacionalnog statističkog plana,1
2015,da/ne,Implementiranje strategije za uvođenje nacionalnog statističkog plana,1
2016,da/ne,Implementiranje strategije za uvođenje nacionalnog statističkog plana,1
2017,da/ne,Implementiranje strategije za uvođenje nacionalnog statističkog plana,1
2018,da/ne,Implementiranje strategije za uvođenje nacionalnog statističkog plana,1
2019,da/ne,Implementiranje strategije za uvođenje nacionalnog statističkog plana,1
2020,da/ne,Implementiranje strategije za uvođenje nacionalnog statističkog plana,1
2021,da/ne,Implementiranje strategije za uvođenje nacionalnog statističkog plana,1
2022,da/ne,Implementiranje strategije za uvođenje nacionalnog statističkog plana,1
